[{"family":"MaterialIcons","fonts":[{"asset":"fonts/MaterialIcons-Regular.otf"}]},{"family":"Tajawal-Regular","fonts":[{"asset":"assets/font/Tajawal/Tajawal-Regular.ttf"}]},{"family":"SFPRODISPLAYBOLD","fonts":[{"asset":"assets/font/sf-pro/SFPRODISPLAYBOLD.OTF"}]},{"family":"SFPRODISPLAYREGULAR","fonts":[{"asset":"assets/font/sf-pro/SFPRODISPLAYREGULAR.OTF"}]},{"family":"SFPRODISPLAYMEDIUM","fonts":[{"asset":"assets/font/sf-pro/SFPRODISPLAYMEDIUM.OTF"}]},{"family":"packages/cupertino_icons/CupertinoIcons","fonts":[{"asset":"packages/cupertino_icons/assets/CupertinoIcons.ttf"}]},{"family":"packages/simple_circular_progress_bar/Roboto","fonts":[{"asset":"packages/simple_circular_progress_bar/fonts/Roboto-Regular.ttf"}]}]